[{
	"id": 5,
	"leaveType": "PL",
	"startDate": "2016-04-04T00:00:00.000Z",
	"endDate": "2016-04-06T00:00:00.000Z",
	"days": "3",
	"startHalf": 1,
	"endHalf": 1,
	"phoneNo": "9988556611",
	"reason": "Personal",
	"approver": "Harish Nair",
	"isStartHalf": false,
	"isEndHalf": false,
	"createdAt": "2016-04-01T10:14:04.086Z",
	"updatedAt": "2016-04-01T10:14:04.086Z",
	"EmployeeEmpCode": 15007
}, {
	"id": 6,
	"leaveType": "FH",
	"startDate": "2016-04-04T00:00:00.000Z",
	"endDate": "2016-04-06T00:00:00.000Z",
	"days": "3",
	"startHalf": 1,
	"endHalf": 1,
	"phoneNo": "9988556611",
	"reason": "Personal",
	"approver": "Harish Nair",
	"isStartHalf": false,
	"isEndHalf": false,
	"createdAt": "2016-04-01T10:18:51.885Z",
	"updatedAt": "2016-04-01T10:18:51.885Z",
	"EmployeeEmpCode": 15007
}, {
	"id": 45,
	"leaveType": "PL",
	"startDate": "2016-06-21T00:00:00.000Z",
	"endDate": "2016-06-21T00:00:00.000Z",
	"days": "1",
	"startHalf": null,
	"endHalf": null,
	"phoneNo": "123456789",
	"reason": "qwerty",
	"approver": "Harish Nair",
	"isStartHalf": null,
	"isEndHalf": null,
	"createdAt": "2016-04-05T09:47:53.052Z",
	"updatedAt": "2016-04-05T09:47:53.052Z",
	"EmployeeEmpCode": 15007
}, {
	"id": 66,
	"leaveType": "PL",
	"startDate": "2016-04-12T00:00:00.000Z",
	"endDate": "2016-04-14T00:00:00.000Z",
	"days": "3",
	"startHalf": null,
	"endHalf": null,
	"phoneNo": null,
	"reason": "sdfdsffdsfsf",
	"approver": "Harish Nair",
	"isStartHalf": null,
	"isEndHalf": null,
	"createdAt": "2016-04-06T06:11:38.944Z",
	"updatedAt": "2016-04-06T06:11:38.944Z",
	"EmployeeEmpCode": 15006
}, {
	"id": 72,
	"leaveType": "FH1",
	"startDate": "2016-12-25T00:00:00.000Z",
	"endDate": "2016-12-25T00:00:00.000Z",
	"days": "1",
	"startHalf": null,
	"endHalf": null,
	"phoneNo": null,
	"reason": "jhjghjgj",
	"approver": "Harish Nair",
	"isStartHalf": false,
	"isEndHalf": false,
	"createdAt": "2016-04-07T11:22:49.472Z",
	"updatedAt": "2016-04-07T11:22:49.472Z",
	"EmployeeEmpCode": 15006
}, {
	"id": 90,
	"leaveType": "PL",
	"startDate": "2016-04-27T00:00:00.000Z",
	"endDate": "2016-04-27T00:00:00.000Z",
	"days": "1",
	"startHalf": null,
	"endHalf": null,
	"phoneNo": null,
	"reason": "uiop",
	"approver": "Harish Nair",
	"isStartHalf": null,
	"isEndHalf": null,
	"createdAt": "2016-04-20T09:19:22.228Z",
	"updatedAt": "2016-04-20T09:19:22.228Z",
	"EmployeeEmpCode": 15007
}]
